Plateforme,Avis,Notes sur 5
Remote,Easy Remote Work,"4,8"
Remote,Great Service,"4,8"
Remote,Praise for Customer Support,"4,8"
Remote,The only way a startup can manage a global workforce,"4,7"
Remote,A go-to EOR system,"4,5"
Remote,Great platform for hiring talents across the world,
Remote,Remote is fundamental to Phaidra,
Remote,Great support and feedback,
Remote,Good for Startups!,
Remote,The most convenient way to get employment benefits anywhere in the world,"5,0"
Remote,Great platform with amazing customer service!,"4,0"
Remote,Un servicio esplendido.,"3,0"
Remote,Superior IP protection and customer experience,"5,0"
Remote,Hiring talent across the world made easy,"5,0"
Remote,"Easy to use, constantly improving","5,0"
Remote,Great experience,"5,0"
Remote,"Good service, great idea","5,0"
Remote,Excellent service,"5,0"
Remote,Great platform & Service,"5,0"
Remote,The best tool for managing my invoices and getting paid,"5,0"
Remote,I thought it was bad until we've switched to a competitor,"5,0"
Remote,Best service for managing remote employees and payroll with tax compliances,"5,0"
Remote,Remote makes being remote fun,"5,0"
Remote,A great EoR,"5,0"
Remote,Smooth onboarding process and a great support team!,"5,0"
Remote,"Simple and easy to use, helpful support that actually thinks","4,8"
Remote,Easy accessibility to all documents,"4,8"
Remote,Great support and easy to use,"4,8"
Remote,Software for Remote Worker,"4,7"
Remote,Excelent,"4,5"
Remote,Easy to use employer of record,
Remote,Very innovative service for remote workers,
Remote,Smooth collaboration and great customer support,
Remote,"customer-oriented, easy to start",
Remote,Good overall Product,"5,0"
Remote,First Experience with Remote,"5,0"
Remote,Great service - would highly recommend Remote,"5,0"
Remote,Great service,"5,0"
Remote,Implementation is so easy,"5,0"
Remote,Easy to Use,"5,0"
Remote,Great employee experience,"5,0"
Remote,Very unprofessional and poor customer service.,"5,0"
